wort,geschlecht,nominativ,nominativ_plural,genitiv,genitiv_plural,dativ,dativ_plural,akkusativ,akkusativ_plural
Abend,maskulin,Abend,Abende,Abends,Abende,Abend,Abenden,Abend,Abende
Abenteuerlust,feminin,Abenteuerlust,,Abenteuerlust,,Abenteuerlust,,Abenteuerlust,
Abfahrt,feminin,Abfahrt,Abfahrten,Abfahrt,Abfahrten,Abfahrt,Abfahrten,Abfahrt,Abfahrten
Abflug,maskulin,Abflug,Abflüge,Abflug(e)s,Abflüge,Abflug,Abflügen,Abflug,Abflüge
Absender,maskulin,Absender,Absender,Absenders,Absender,Absender,Absendern,Absender,Absender
Absenderin,feminin,Absenderin,Absenderinnen,Absenderin,Absenderinnen,Absenderin,Absenderinnen,Absenderin,Absenderinnen
Achtung,feminin,Achtung,,Achtung,,Achtung,,Achtung,
Adresse,feminin,Adresse,Adressen,Adresse,Adressen,Adresse,Adressen,Adresse,Adressen
Alter,Neutrum,Alter,Alter,Alters,Alter,Alter,Altern,Alter,Alter
Anfang,maskulin,Anfang,Anfänge,Anfang(e)s,Anfänge,Anfang,Anfängen,Anfang,Anfänge
Angebot,Neutrum,Angebot,Angebote,Angebot(e)s,Angebote,Angebot,Angeboten,Angebot,Angebote
Ankunft,feminin,Ankunft,Ankünfte,Ankunft,Ankünfte,Ankunft,Ankünften,Ankunft,Ankünfte
Anmeldung,feminin,Anmeldung,Anmeldungen,Anmeldung,Anmeldungen,Anmeldung,Anmeldungen,Anmeldung,Anmeldungen
Anrede,feminin,Anrede,Anreden,Anrede,Anreden,Anrede,Anreden,Anrede,Anreden
Anruf,maskulin,Anruf,Anrufe,Anruf(e)s,Anrufe,Anruf,Anrufen,Anruf,Anrufe
Anrufbeantworter,maskulin,Anrufbeantworter,Anrufbeantworter,Anrufbeantworter,Anrufbeantworter,Anrufbeantworter,Anrufbeantwortern,Anrufbeantworter,Anrufbeantworter
Ansage,feminin,Ansage,Ansagen,Ansage,Ansagen,Ansage,Ansagen,Ansage,Ansagen
Anschluss,maskulin,Anschluss,Anschlüsse,Anschlusses,Anschlüsse,Anschluss,Anschlüssen,Anschluss,Anschlüsse
Antwort,feminin,Antwort,Antworten,Antwort,Antworten,Antwort,Antworten,Antwort,Antworten
Antwortbogen,maskulin,Antwortbogen,"Antwortbogenbogen,<br/>Antwortbogenbögen",Antwortbogens,"Antwortbogenbogen,<br/>Antwortbogenbögen",Antwortbogen,"Antwortbogenbogen,<br/>Antwortbogenbögen",Antwortbogen,"Antwortbogenbogen,<br/>Antwortbogenbögen"
Anzeige,feminin,Anzeige,Anzeigen,Anzeige,Anzeigen,Anzeige,Anzeigen,Anzeige,Anzeigen
Apartment,Neutrum,Apartment,Apartments,Apartments,Apartments,Apartment,Apartments,Apartment,Apartments
Apfel,maskulin,Apfel,Äpfel,Apfels,Äpfel,Apfel,Äpfeln,Apfel,Äpfel
Appetit,maskulin,Appetit,Appetite,Appetit(e)s,Appetite,Appetit,Appetiten,Appetit,Appetite
April,maskulin,April,Aprile,April(s),Aprile,April,Aprilen,April,Aprile
Arbeit,feminin,Arbeit,Arbeiten,Arbeit,Arbeiten,Arbeit,Arbeiten,Arbeit,Arbeiten
Arbeitsplatz,maskulin,Arbeitsplatz,Arbeitsplätze,Arbeitsplatzes,Arbeitsplätze,Arbeitsplatz,Arbeitsplätzen,Arbeitsplatz,Arbeitsplätze
Arm,maskulin,Arm,Arme,Arm(e)s,Arme,Arm,Armen,Arm,Arme
Arzt,maskulin,Arzt,Ärzte,Arztes,Ärzte,Arzt,Ärzten,Arzt,Ärzte
Aufgabe,feminin,Aufgabe,Aufgaben,Aufgabe,Aufgaben,Aufgabe,Aufgaben,Aufgabe,Aufgaben
Aufzug,maskulin,Aufzug,Aufzüge,Aufzug(e)s,Aufzüge,Aufzug,Aufzügen,Aufzug,Aufzüge
Auge,Neutrum,Auge,Augen,Auges,Augen,Auge,Augen,Auge,Augen
August,maskulin,August,Auguste,August(e)s,Auguste,August,Augusten,August,Auguste
Ausflug,maskulin,Ausflug,Ausflüge,Ausflug(e)s,Ausflüge,Ausflug,Ausflügen,Ausflug,Ausflüge
Ausgang,maskulin,Ausgang,Ausgänge,Ausgang(e)s,Ausgänge,Ausgang,Ausgängen,Ausgang,Ausgänge
Auskunft,feminin,Auskunft,Auskünfte,Auskunft,Auskünfte,Auskunft,Auskünften,Auskunft,Auskünfte
Ausland,Neutrum,Ausland,,Ausland(e)s,,Ausland,,Ausland,
Ausländer,maskulin,Ausländer,Ausländer,Ausländers,Ausländer,Ausländer,Ausländern,Ausländer,Ausländer
Ausländerin,feminin,Ausländerin,Ausländerinnen,Ausländerin,Ausländerinnen,Ausländerin,Ausländerinnen,Ausländerin,Ausländerinnen
Aussage,feminin,Aussage,Aussagen,Aussage,Aussagen,Aussage,Aussagen,Aussage,Aussagen
Ausweis,maskulin,Ausweis,Ausweise,Ausweises,Ausweise,Ausweis,Ausweisen,Ausweis,Ausweise
Auto,Neutrum,Auto,Autos,Autos,Autos,Auto,Autos,Auto,Autos
Autobahn,feminin,Autobahn,Autobahnen,Autobahn,Autobahnen,Autobahn,Autobahnen,Autobahn,Autobahnen
Automat,maskulin,Automat,Automaten,Automaten,Automaten,Automaten,Automaten,Automaten,Automaten
Ärztin,feminin,Ärztin,Ärztinnen,Ärztin,Ärztinnen,Ärztin,Ärztinnen,Ärztin,Ärztinnen
Baby,Neutrum,Baby,Babys,Babys,Babys,Baby,Babys,Baby,Babys
Bad,Neutrum,Bad,Bäder,Bad(e)s,Bäder,Bad,Bädern,Bad,Bäder
Bahn,feminin,Bahn,Bahnen,Bahn,Bahnen,Bahn,Bahnen,Bahn,Bahnen
Bahnhof,maskulin,Bahnhof,Bahnhöfe,Bahnhof(e)s,Bahnhöfe,Bahnhof,Bahnhöfen,Bahnhof,Bahnhöfe
Bahnsteig,maskulin,Bahnsteig,Bahnsteige,Bahnsteig(e)s,Bahnsteige,Bahnsteig,Bahnsteigen,Bahnsteig,Bahnsteige
Balkon,maskulin,Balkon,"Balkons,<br/>Balkone",Balkons,"Balkons,<br/>Balkone",Balkon,"Balkons,<br/>Balkonen",Balkon,"Balkons,<br/>Balkone"
Banane,feminin,Banane,Bananen,Banane,Bananen,Banane,Bananen,Banane,Bananen
Bank_1,feminin,Bank,Banken,Bank,Banken,Bank,Banken,Bank,Banken
Bank_2,feminin,Bank,Bänke,Bank,Bänke,Bank,Bänken,Bank,Bänke
Bauch,maskulin,Bauch,Bäuche,Bauch(e)s,Bäuche,Bauch,Bäuchen,Bauch,Bäuche
Baum,maskulin,Baum,Bäume,Baum(e)s,Bäume,Baum,Bäumen,Baum,Bäume
Bäckerei,feminin,Bäckerei,Bäckereien,Bäckerei,Bäckereien,Bäckerei,Bäckereien,Bäckerei,Bäckereien
Beamtin,feminin,Beamtin,Beamtinnen,Beamtin,Beamtinnen,Beamtin,Beamtinnen,Beamtin,Beamtinnen
Bein,Neutrum,Bein,Beine,Bein(e)s,Beine,Bein,Beinen,Bein,Beine
Beispiel,Neutrum,Beispiel,Beispiele,Beispiel(e)s,Beispiele,Beispiel,Beispielen,Beispiel,Beispiele
Beruf,maskulin,Beruf,Berufe,Beruf(e)s,Berufe,Beruf,Berufen,Beruf,Berufe
Bett,Neutrum,Bett,Betten,Bett(e)s,Betten,Bett,Betten,Bett,Betten
Bier,Neutrum,Bier,Biere,Bier(e)s,Biere,Bier,Bieren,Bier,Biere
Bild,Neutrum,Bild,Bilder,Bild(e)s,Bilder,Bild,Bildern,Bild,Bilder
Birne,feminin,Birne,Birnen,Birne,Birnen,Birne,Birnen,Birne,Birnen
Bitte,feminin,Bitte,Bitten,Bitte,Bitten,Bitte,Bitten,Bitte,Bitten
Bleistift,maskulin,Bleistift,Bleistifte,Bleistift(e)s,Bleistifte,Bleistift,Bleistiften,Bleistift,Bleistifte
Blick,maskulin,Blick,Blicke,Blick(e)s,Blicke,Blick,Blicken,Blick,Blicke
Blume,feminin,Blume,Blumen,Blume,Blumen,Blume,Blumen,Blume,Blumen
Brief,maskulin,Brief,Briefe,Brief(e)s,Briefe,Brief,Briefen,Brief,Briefe
Briefmarke,feminin,Briefmarke,Briefmarken,Briefmarke,Briefmarken,Briefmarke,Briefmarken,Briefmarke,Briefmarken
Brot,Neutrum,Brot,Brote,Brot(e)s,Brote,Brot,Broten,Brot,Brote
Brötchen,Neutrum,Brötchen,Brötchen,Brötchens,Brötchen,Brötchen,Brötchen,Brötchen,Brötchen
Bruder,maskulin,Bruder,Brüder,Bruders,Brüder,Bruder,Brüdern,Bruder,Brüder
Buch,Neutrum,Buch,Bücher,Buch(e)s,Bücher,Buch,Büchern,Buch,Bücher
Buchstabe,maskulin,Buchstabe,Buchstaben,Buchstaben(s),Buchstaben,Buchstaben,Buchstaben,Buchstaben,Buchstaben
Bus,maskulin,Bus,Busse,Busses,Busse,Bus,Bussen,Bus,Busse
Butter,feminin,Butter,,Butter,,Butter,,Butter,
Café,Neutrum,Café,Cafés,Cafés,Cafés,Café,Cafés,Café,Cafés
CD,feminin,CD,CDs,CD,CDs,CD,CDs,CD,CDs
Cent,maskulin,Cent,Cent(s),Cent(s),Cent(s),Cent,Cent(s),Cent,Cent(s)
Chef,maskulin,Chef,Chefs,Chefs,Chefs,Chef,Chefs,Chef,Chefs
Chefin,feminin,Chefin,Chefinnen,Chefin,Chefinnen,Chefin,Chefinnen,Chefin,Chefinnen
Computer,maskulin,Computer,Computer,Computers,Computer,Computer,Computern,Computer,Computer
Dame,feminin,Dame,Damen,Dame,Damen,Dame,Damen,Dame,Damen
Dank,Dank,Dank,,Dank(e)s,,Dank,,Dank,
Datum,Neutrum,Datum,Daten,Datums,Daten,Datum,Daten,Datum,Daten
Deutschland,(Neutrum),Deutschland,,Deutschland(s),,Deutschland,,Deutschland,
Dezember,maskulin,Dezember,Dezember,Dezember(s),Dezember,Dezember,Dezembern,Dezember,Dezember
Dienstag,maskulin,Dienstag,Dienstage,Dienstag(e)s,Dienstage,Dienstag,Dienstagen,Dienstag,Dienstage
Disco,feminin,Disco,Discos,Disco,Discos,Disco,Discos,Disco,Discos
Doktor,maskulin,Doktor,,Doktors,,Doktor,,Doktor,
Doktorin,feminin,Doktorin,Doktorinnen,Doktorin,Doktorinnen,Doktorin,Doktorinnen,Doktorin,Doktorinnen
Donnerstag,maskulin,Donnerstag,Donnerstage,Donnerstag(e)s,Donnerstage,Donnerstag,Donnerstagen,Donnerstag,Donnerstage
Doppelzimmer,Neutrum,Doppelzimmer,Doppelzimmer,Doppelzimmers,Doppelzimmer,Doppelzimmer,Doppelzimmern,Doppelzimmer,Doppelzimmer
Dorf,Neutrum,Dorf,Dörfer,Dorf(e)s,Dörfer,Dorf,Dörfern,Dorf,Dörfer
Drucker,maskulin,Drucker,Drucker,Druckers,Drucker,Drucker,Druckern,Drucker,Drucker
Durchsage,feminin,Durchsage,Durchsagen,Durchsage,Durchsagen,Durchsage,Durchsagen,Durchsage,Durchsagen
Durst,maskulin,Durst,,Durst(e)s,,Durst,,Durst,
Dusche,feminin,Dusche,Duschen,Dusche,Duschen,Dusche,Duschen,Dusche,Duschen
E-Mail,"maskulin, Neutrum",E-Mail,E-Mails,E-Mail(s),E-Mails,E-Mail,E-Mails,E-Mail,E-Mails
Ecke,feminin,Ecke,Ecken,Ecke,Ecken,Ecke,Ecken,Ecke,Ecken
Ehefrau,feminin,Ehefrau,Ehefrauen,Ehefrau,Ehefrauen,Ehefrau,Ehefrauen,Ehefrau,Ehefrauen
Ehemann,maskulin,Ehemann,Ehemänner,Ehemann(e)s,Ehemänner,Ehemann,Ehemännern,Ehemann,Ehemänner
Ei,Neutrum,Ei,Eier,Ei(e)s,Eier,Ei,Eiern,Ei,Eier
Eingang,maskulin,Eingang,Eingänge,Eingang(e)s,Eingänge,Eingang,Eingängen,Eingang,Eingänge
Einladung,feminin,Einladung,Einladungen,Einladung,Einladungen,Einladung,Einladungen,Einladung,Einladungen
Eintritt,maskulin,Eintritt,Eintritte,Eintritt(e)s,Eintritte,Eintritt,Eintritten,Eintritt,Eintritte
Einzelzimmer,Neutrum,Einzelzimmer,Einzelzimmer,Einzelzimmers,Einzelzimmer,Einzelzimmer,Einzelzimmern,Einzelzimmer,Einzelzimmer
Eltern,nur im Plural,,Eltern,,Eltern,,Eltern,,Eltern
Empfänger,maskulin,Empfänger,Empfänger,Empfängers,Empfänger,Empfänger,Empfängern,Empfänger,Empfänger
Empfängerin,feminin,Empfängerin,Empfängerinnen,Empfängerin,Empfängerinnen,Empfängerin,Empfängerinnen,Empfängerin,Empfängerinnen
Ende,Neutrum,Ende,Enden,Endes,Enden,Ende,Enden,Ende,Enden
Entschuldigung,feminin,Entschuldigung,Entschuldigungen,Entschuldigung,Entschuldigungen,Entschuldigung,Entschuldigungen,Entschuldigung,Entschuldigungen
Ergebnis,Neutrum,Ergebnis,Ergebnisse,Ergebnisses,Ergebnisse,Ergebnis,Ergebnissen,Ergebnis,Ergebnisse
Essen,Neutrum,Essen,Essen,Essens,Essen,Essen,Essen,Essen,Essen
Euro,maskulin,Euro,Euro(s),Euro(s),Euro(s),Euro,Euro(s),Euro,Euro(s)
Europa,(Neutrum),Europa,,Europa(s),,Europa,,Europa,
Fahrer,maskulin,Fahrer,Fahrer,Fahrers,Fahrer,Fahrer,Fahrern,Fahrer,Fahrer
Fahrerin,feminin,Fahrerin,Fahrerinnen,Fahrerin,Fahrerinnen,Fahrerin,Fahrerinnen,Fahrerin,Fahrerinnen
Fahrkarte,feminin,Fahrkarte,Fahrkarten,Fahrkarte,Fahrkarten,Fahrkarte,Fahrkarten,Fahrkarte,Fahrkarten
Fahrrad,Neutrum,Fahrrad,Fahrräder,Fahrrad(e)s,Fahrräder,Fahrrad,Fahrrädern,Fahrrad,Fahrräder
Familie,feminin,Familie,Familien,Familie,Familien,Familie,Familien,Familie,Familien
Familienname,maskulin,Familienname,Familiennamen,Familiennamens,Familiennamen,Familiennamen,Familiennamen,Familiennamen,Familiennamen
Familienstand,maskulin,Familienstand,,Familienstand(e)s,,Familienstand,,Familienstand,
Farbe,feminin,Farbe,Farben,Farbe,Farben,Farbe,Farben,Farbe,Farben
Fax,maskulin,Fax,Faxen,Faxen,Faxen,Faxen,Faxen,Faxen,Faxen
Februar,maskulin,Februar,Februare,Februars,Februare,Februar,Februaren,Februar,Februare
Fehler,maskulin,Fehler,Fehler,Fehlers,Fehler,Fehler,Fehlern,Fehler,Fehler
Feier,feminin,Feier,Feiern,Feier,Feiern,Feier,Feiern,Feier,Feiern
Feierabend,maskulin,Feierabend,Feierabende,Feierabends,Feierabende,Feierabend,Feierabenden,Feierabend,Feierabende
Feiertag,maskulin,Feiertag,Feiertage,Feiertag(e)s,Feiertage,Feiertag,Feiertagen,Feiertag,Feiertage
Feuer,Neutrum,Feuer,Feuer,Feuers,Feuer,Feuer,Feuern,Feuer,Feuer
Fieber,Neutrum,Fieber,Fieber,Fiebers,Fieber,Fieber,Fiebern,Fieber,Fieber
Film,maskulin,Film,Filme,Film(e)s,Filme,Film,Filmen,Film,Filme
Firma,feminin,Firma,Firmen,Firma,Firmen,Firma,Firmen,Firma,Firmen
Fisch,maskulin,Fisch,Fische,Fisch(e)s,Fische,Fisch,Fischen,Fisch,Fische
Flasche,feminin,Flasche,Flaschen,Flasche,Flaschen,Flasche,Flaschen,Flasche,Flaschen
Fleisch,Neutrum,Fleisch,,Fleisch(e)s,,Fleisch,,Fleisch,
Flughafen,maskulin,Flughafen,Flughäfen,Flughafens,Flughäfen,Flughafen,Flughäfen,Flughafen,Flughäfen
Flugzeug,Neutrum,Flugzeug,Flugzeuge,Flugzeug(e)s,Flugzeuge,Flugzeug,Flugzeugen,Flugzeug,Flugzeuge
Formular,Neutrum,Formular,Formulare,Formulars,Formulare,Formular,Formularen,Formular,Formulare
Foto,maskulin,Foto,Fotos,Fotos,Fotos,Foto,Fotos,Foto,Fotos
Frage,feminin,Frage,Fragen,Frage,Fragen,Frage,Fragen,Frage,Fragen
Frau,feminin,Frau,Frauen,Frau,Frauen,Frau,Frauen,Frau,Frauen
Freitag,maskulin,Freitag,Freitage,Freitag(e)s,Freitage,Freitag,Freitagen,Freitag,Freitage
Freizeit,feminin,Freizeit,Freizeiten,Freizeit,Freizeiten,Freizeit,Freizeiten,Freizeit,Freizeiten
Freund,maskulin,Freund,Freunde,Freund(e)s,Freunde,Freund,Freunden,Freund,Freunde
Freundin,feminin,Freundin,Freundinnen,Freundin,Freundinnen,Freundin,Freundinnen,Freundin,Freundinnen
Frühjahr,Neutrum,Frühjahr,Frühjahre,Frühjahr(e)s,Frühjahre,Frühjahr,Frühjahren,Frühjahr,Frühjahre
Frühling,maskulin,Frühling,Frühlinge,Frühlings,Frühlinge,Frühling,Frühlingen,Frühling,Frühlinge
Frühstück,Neutrum,Frühstück,Frühstücke,Frühstücks,Frühstücke,Frühstück,Frühstücken,Frühstück,Frühstücke
Fuß,maskulin,Fuß,Füße,Fußes,Füße,Fuß,Füßen,Fuß,Füße
Fußball,maskulin,Fußball,Fußbälle,Fußball(e)s,Fußbälle,Fußball,Fußbällen,Fußball,Fußbälle
Führung,feminin,Führung,Führungen,Führung,Führungen,Führung,Führungen,Führung,Führungen
Garten,maskulin,Garten,Gärten,Gartens,Gärten,Garten,Gärten,Garten,Gärten
Gast,maskulin,Gast,Gäste,Gast(e)s,Gäste,Gast,Gästen,Gast,Gäste
Gästin,feminin,Gästin,Gästinnen,Gästin,Gästinnen,Gästin,Gästinnen,Gästin,Gästinnen
Geburtsdatum,Neutrum,Geburtsdatum,Geburtsdaten,Geburtsdatums,Geburtsdaten,Geburtsdatum,Geburtsdaten,Geburtsdatum,Geburtsdaten
Geburtsjahr,Neutrum,Geburtsjahr,Geburtsjahre,Geburtsjahr(e)s,Geburtsjahre,Geburtsjahr,Geburtsjahren,Geburtsjahr,Geburtsjahre
Geburtsort,maskulin,Geburtsort,Geburtsorte,Geburtsort(e)s,Geburtsorte,Geburtsort,Geburtsorten,Geburtsort,Geburtsorte
Geburtstag,maskulin,Geburtstag,Geburtstage,Geburtstag(e)s,Geburtstage,Geburtstag,Geburtstagen,Geburtstag,Geburtstage
Geld,Neutrum,Geld,Gelder,Geld(e)s,Gelder,Geld,Geldern,Geld,Gelder
Gemüse,Neutrum,Gemüse,Gemüse,Gemüses,Gemüse,Gemüse,Gemüsen,Gemüse,Gemüse
Gepäck,Neutrum,Gepäck,Gepäcke,Gepäck(e)s,Gepäcke,Gepäck,Gepäcken,Gepäck,Gepäcke
Geschäft,Neutrum,Geschäft,Geschäfte,Geschäft(e)s,Geschäfte,Geschäft,Geschäfte,Geschäft,Geschäfte
Geschenk,Neutrum,Geschenk,Geschenke,Geschenk(e)s,Geschenke,Geschenk,Geschenken,Geschenk,Geschenke
Geschwister,Neutrum,Geschwister,Geschwister,Geschwisters,Geschwister,Geschwister,Geschwistern,Geschwister,Geschwister
Gespräch,Neutrum,Gespräch,Gespräche,Gespräch(e)s,Gespräche,Gespräch,Gesprächen,Gespräch,Gespräche
Getränk,Neutrum,Getränk,Getränke,Getränk(e)s,Getränke,Getränk,Getränken,Getränk,Getränke
Gewicht,Neutrum,Gewicht,Gewichte,Gewicht(e)s,Gewichte,Gewicht,Gewichten,Gewicht,Gewichte
Glas,Neutrum,Glas,Gläser,Glases,Gläser,Glas,Gläsern,Glas,Gläser
Gleis,Neutrum,Gleis,Gleise,Gleises,Gleise,Gleis,Gleisen,Gleis,Gleise
Glück,Neutrum,Glück,,Glück(e)s,,Glück,,Glück,
Glückwunsch,maskulin,Glückwunsch,Glückwunsche,Glückwunsch(e)s,Glückwunsche,Glückwunsch,Glückwunschen,Glückwunsch,Glückwunsche
Grad,maskulin,Grad,Grade,Grad(e)s,Grade,Grad,Graden,Grad,Grade
Gramm,Neutrum,Gramm,Gramm(e),Gramms,Gramm(e),Gramm,Gramm(en),Gramm,Gramm(e)
Großeltern,nur im Plural,,Großeltern,,Großeltern,,Großeltern,,Großeltern
Großmutter,feminin,Großmutter,Großmütter,Großmutter,Großmütter,Großmutter,Großmüttern,Großmutter,Großmütter
Großvater,maskulin,Großvater,Großväter,Großvaters,Großväter,Großvater,Großvätern,Großvater,Großväter
Größe,feminin,Größe,Größen,Größe,Größen,Größe,Größen,Größe,Größen
Gruppe,feminin,Gruppe,Gruppen,Gruppe,Gruppen,Gruppe,Gruppen,Gruppe,Gruppen
Gruß,maskulin,Gruß,Grüße,Grußes,Grüße,Gruß,Grüßen,Gruß,Grüße
Haar,Neutrum,Haar,Haare,Haar(e)s,Haare,Haar,Haaren,Haar,Haare
Halbpension,feminin,Halbpension,,Halbpension,,Halbpension,,Halbpension,
Halle,feminin,Halle,Hallen,Halle,Hallen,Halle,Hallen,Halle,Hallen
Haltestelle,feminin,Haltestelle,Haltestellen,Haltestelle,Haltestellen,Haltestelle,Haltestellen,Haltestelle,Haltestellen
Hand,feminin,Hand,Hände,Hand,Hände,Hand,Händen,Hand,Hände
Handy,Neutrum,Handy,Handys,Handys,Handys,Handy,Handys,Handy,Handys
Haus,Neutrum,Haus,Häuser,Hauses,Häuser,Haus,Häusern,Haus,Häuser
Hausaufgabe,feminin,Hausaufgabe,Hausaufgaben,Hausaufgabe,Hausaufgaben,Hausaufgabe,Hausaufgaben,Hausaufgabe,Hausaufgaben
Hausfrau,feminin,Hausfrau,Hausfrauen,Hausfrau,Hausfrauen,Hausfrau,Hausfrauen,Hausfrau,Hausfrauen
Hausmann,maskulin,Hausmann,Hausmänner,Hausmann(e)s,Hausmänner,Hausmann,Hausmännern,Hausmann,Hausmänner
Hähnchen,Neutrum,Hähnchen,Hähnchen,Hähnchens,Hähnchen,Hähnchen,Hähnchen,Hähnchen,Hähnchen
Heimat,feminin,Heimat,Heimaten,Heimat,Heimaten,Heimat,Heimaten,Heimat,Heimaten
Herbst,maskulin,Herbst,Herbste,Herbst(e)s,Herbste,Herbst,Herbsten,Herbst,Herbste
Herd,maskulin,Herd,Herde,Herd(e)s,Herde,Herd,Herden,Herd,Herde
Herr,maskulin,Herr(e)n,Herren,Herr(e)n,Herren,Herr(e)n,Herren,Herr(e)n,Herren
Hilfe,feminin,Hilfe,Hilfen,Hilfe,Hilfen,Hilfe,Hilfen,Hilfe,Hilfen
Hobby,Neutrum,Hobby,Hobbys,Hobbys,Hobbys,Hobby,Hobbys,Hobby,Hobbys
Hochzeit,feminin,Hochzeit,Hochzeiten,Hochzeit,Hochzeiten,Hochzeit,Hochzeiten,Hochzeit,Hochzeiten
Hotel,Neutrum,Hotel,Hotels,Hotels,Hotels,Hotel,Hotels,Hotel,Hotels
Hund,maskulin,Hund,Hunde,Hund(e)s,Hunde,Hund,Hunden,Hund,Hunde
Hunger,maskulin,Hunger,,Hungers,,Hunger,,Hunger,
Information,feminin,Information,Informationen,Information,Informationen,Information,Informationen,Information,Informationen
Internet,Neutrum,Internet,,Internets,,Internet,,Internet,
Jacke,feminin,Jacke,Jacken,Jacke,Jacken,Jacke,Jacken,Jacke,Jacken
Jahr,Neutrum,Jahr,Jahre,Jahr(e)s,Jahre,Jahr,Jahren,Jahr,Jahre
Januar,maskulin,Januar,Januare,Januars,Januare,Januar,Januaren,Januar,Januare
Job,maskulin,Job,Jobs,Jobs,Jobs,Job,Jobs,Job,Jobs
Juli,maskulin,Juli,Julis,Julis,Julis,Juli,Julis,Juli,Julis
Junge,maskulin,Junge,"Jungen,<br/>Jungs,<br/>Jungens",Jungen,"Jungen,<br/>Jungs,<br/>Jungens",Jungen,"Jungen,<br/>Jungs,<br/>Jungens",Jungen,"Jungen,<br/>Jungs,<br/>Jungens"
Juni,maskulin,Juni,Junis,Junis,Junis,Juni,Junis,Juni,Junis
Kaffee,maskulin,Kaffee,Kaffees,Kaffees,Kaffees,Kaffee,Kaffees,Kaffee,Kaffees
Karte,feminin,Karte,Karten,Karte,Karten,Karte,Karten,Karte,Karten
Kartoffel,feminin,Kartoffel,Kartoffeln,Kartoffel,Kartoffeln,Kartoffel,Kartoffeln,Kartoffel,Kartoffeln
Kasse,feminin,Kasse,Kassen,Kasse,Kassen,Kasse,Kassen,Kasse,Kassen
Kilogramm,Neutrum,Kilogramm,Kilogramm(e),Kilogramms,Kilogramm(e),Kilogramm,Kilogramm(en),Kilogramm,Kilogramm(e)
Kilometer,maskulin,Kilometer,Kilometer,Kilometers,Kilometer,Kilometer,Kilometern,Kilometer,Kilometer
Kind,Neutrum,Kind,Kinder,Kind(e)s,Kinder,Kind,Kindern,Kind,Kinder
Kindergarten,maskulin,Kindergarten,Kindergärten,Kindergartens,Kindergärten,Kindergarten,Kindergärten,Kindergarten,Kindergärten
Kino,Neutrum,Kino,Kinos,Kinos,Kinos,Kino,Kinos,Kino,Kinos
Kiosk,maskulin,Kiosk,Kioske,Kiosk(e)s,Kioske,Kiosk,Kiosken,Kiosk,Kioske
Klasse,feminin,Klasse,Klassen,Klasse,Klassen,Klasse,Klassen,Klasse,Klassen
Kleidung,feminin,Kleidung,Kleidungen,Kleidung,Kleidungen,Kleidung,Kleidungen,Kleidung,Kleidungen
Koffer,maskulin,Koffer,Koffer,Koffers,Koffer,Koffer,Koffern,Koffer,Koffer
Kollege,maskulin,Kollege,Kollegen,Kollegen,Kollegen,Kollegen,Kollegen,Kollegen,Kollegen
Kollegin,feminin,Kollegin,Kolleginnen,Kollegin,Kolleginnen,Kollegin,Kolleginnen,Kollegin,Kolleginnen
Konsequenz,feminin,Konsequenz,Konsequenzen,Konsequenz,Konsequenzen,Konsequenz,Konsequenzen,Konsequenz,Konsequenzen
Konto,Neutrum,Konto,"Konten,<br/>Kontos,<br/>Konti",Kontos,"Konten,<br/>Kontos,<br/>Konti",Konto,"Konten,<br/>Kontos,<br/>Konti",Konto,"Konten,<br/>Kontos,<br/>Konti"
Kopf,maskulin,Kopf,Köpfe,Kopf(e)s,Köpfe,Kopf,Köpfen,Kopf,Köpfe
Kreditkarte,feminin,Kreditkarte,Kreditkarten,Kreditkarte,Kreditkarten,Kreditkarte,Kreditkarten,Kreditkarte,Kreditkarten
Kuchen,maskulin,Kuchen,Kuchen,Kuchens,Kuchen,Kuchen,Kuchen,Kuchen,Kuchen
Kugelschreiber,maskulin,Kugelschreiber,Kugelschreiber,Kugelschreibers,Kugelschreiber,Kugelschreiber,Kugelschreibern,Kugelschreiber,Kugelschreiber
Kunde,maskulin,Kunde,Kunden,Kunde,Kunde,Kunde,Kunde,Kunde,Kunde
Kundin,feminin,Kundin,Kundinnen,Kundin,Kundinnen,Kundin,Kundinnen,Kundin,Kundinnen
Kurs,maskulin,Kurs,Kurse,Kurses,Kurse,Kurs,Kursen,Kurs,Kurse
Küche,feminin,Küche,Küchen,Küche,Küchen,Küche,Küchen,Küche,Küchen
Kühlschrank,maskulin,Kühlschrank,Kühlschränke,Kühlschrank(e)s,Kühlschränke,Kühlschrank,Kühlschränken,Kühlschrank,Kühlschränke
Laden,maskulin,Laden,"Läden,<br/>Laden",Ladens,"Läden,<br/>Laden",Laden,"Läden,<br/>Laden",Laden,"Läden,<br/>Laden"
Land,Neutrum,Land,"Länder,<br/>Lande",Land(e)s,"Länder,<br/>Lande",Land,"Ländern,<br/>Landen",Land,"Länder,<br/>Lande"
Lastkraftwagen,maskulin,Lastkraftwagen,"Lastkraftwagen,<br/>Lastkraftwägen",Lastkraftwagens,"Lastkraftwagen,<br/>Lastkraftwägen",Lastkraftwagen,"Lastkraftwagen,<br/>Lastkraftwägen",Lastkraftwagen,"Lastkraftwagen,<br/>Lastkraftwägen"
Leben,Neutrum,Leben,Leben,Lebens,Leben,Leben,Leben,Leben,Leben
Lebensmittel,Neutrum,Lebensmittel,Lebensmittel,Lebensmittels,Lebensmittel,Lebensmittel,Lebensmitteln,Lebensmittel,Lebensmittel
Lehrer,maskulin,Lehrer,Lehrer,Lehrers,Lehrer,Lehrer,Lehrern,Lehrer,Lehrer
Lehrerin,feminin,Lehrerin,Lehrerinnen,Lehrerin,Lehrerinnen,Lehrerin,Lehrerinnen,Lehrerin,Lehrerinnen
Leute,nur im Plural,,Leute,,Leute,,Leuten,,Leute
Licht,Neutrum,Licht,"Lichter,<br/>Lichte",Licht(e)s,"Lichter,<br/>Lichte",Licht,"Lichtern,<br/>Lichten",Licht,"Lichter,<br/>Lichte"
Lied,Neutrum,Lied,Lieder,Lied(e)s,Lieder,Lied,Liedern,Lied,Lieder
Liter,"maskulin, Neutrum",Liter,Liter,Liters,Liter,Liter,Litern,Liter,Liter
Lkw,maskulin,Lkw,"Lkw,<br/>Lkws",Lkws,"Lkw,<br/>Lkws",Lkw,"Lkw,<br/>Lkws",Lkw,"Lkw,<br/>Lkws"
Lokal,Neutrum,Lokal,Lokale,Lokal(e)s,Lokale,Lokal,Lokalen,Lokal,Lokale
Lösung,feminin,Lösung,Lösungen,Lösung,Lösungen,Lösung,Lösungen,Lösung,Lösungen
Mai,maskulin,Mai,Maie,"Mai(e)s,<br/>Maien",Maie,Mai,Maien,Mai,Maie
Mann,maskulin,Mann,"Männer,<br/>Mannen",Mann(e)s,"Männer,<br/>Mannen",Mann,"Männern,<br/>Mannen",Mann,"Männer,<br/>Mannen"
Maschine,feminin,Maschine,Maschinen,Maschine,Maschinen,Maschine,Maschinen,Maschine,Maschinen
Mädchen,Neutrum,Mädchen,Mädchen,Mädchens,Mädchen,Mädchen,Mädchen,Mädchen,Mädchen
März,maskulin,März,Märze,"Märzes,<br/>Märzen",Märze,März(en),Märzen,März,Märze
Meer,Neutrum,Meer,Meere,Meer(e)s,Meere,Meer,Meeren,Meer,Meere
Mensch,maskulin,Mensch,Menschen,Menschen,Menschen,Menschen,Menschen,Menschen,Menschen
Meter,"maskulin, Neutrum",Meter,Meter,Meters,Meter,Meter,Metern,Meter,Meter
Miete,feminin,Miete,Mieten,Miete,Mieten,Miete,Mieten,Miete,Mieten
Milch,feminin,Milch,Milche(n),Milch,Milche(n),Milch,Milche(n),Milch,Milche(n)
Minute,feminin,Minute,Minuten,Minute,Minuten,Minute,Minuten,Minute,Minuten
Mittag,maskulin,Mittag,Mittage,Mittags,Mittage,Mittag,Mittagen,Mittag,Mittage
Mitte,feminin,Mitte,Mitten,Mitte,Mitten,Mitte,Mitten,Mitte,Mitten
Mittwoch,maskulin,Mittwoch,Mittwoche,Mittwoch(e)s,Mittwoche,Mittwoch,Mittwochen,Mittwoch,Mittwoche
Moment,maskulin,Moment,Momente,Moment(e)s,Momente,Moment,Momenten,Moment,Momente
Montag,maskulin,Montag,Montage,Montag(e)s,Montage,Montag,Montagen,Montag,Montage
Morgen,maskulin,Morgen,Morgen,Morgens,Morgen,Morgen,Morgen,Morgen,Morgen
Möbel,Neutrum,Möbel,Möbel,Möbels,Möbel,Möbel,Möbeln,Möbel,Möbel
Mund,maskulin,Mund,Münder,Mund(e)s,Münder,Mund,Mündern,Mund,Münder
Mutter,feminin,Mutter,Mütter,Mutter,Mütter,Mutter,Müttern,Mutter,Mütter
Nachmittag,maskulin,Nachmittag,Nachmittage,Nachmittag(e)s,Nachmittage,Nachmittag,Nachmittagen,Nachmittag,Nachmittage
Nacht,feminin,Nacht,Nächte,Nacht,Nächte,Nacht,Nächten,Nacht,Nächte
Name,maskulin,Name,Namen,Namens,Namen,Namen,Namen,Namen,Namen
Norden,maskulin,Norden,,Nordens,,Norden,,Norden,
November,maskulin,November,November,November(s),November,November,Novembern,November,November
Nummer,feminin,Nummer,Nummern,Nummer,Nummern,Nummer,Nummern,Nummer,Nummern
Obst,Neutrum,Obst,,Obst(e)s,,Obst,,Obst,
Oktober,maskulin,Oktober,Oktober,Oktober(s),Oktober,Oktober,Oktobern,Oktober,Oktober
Oma,feminin,Oma,Omas,Oma(s),Omas,Oma,Omas,Oma,Omas
Opa,maskulin,Opa,Opas,Opas,Opas,Opa,Opas,Opa,Opas
Ordnung,feminin,Ordnung,Ordnungen,Ordnung,Ordnungen,Ordnung,Ordnungen,Ordnung,Ordnungen
Ort,maskulin,Ort,"Örter,<br/>Orte",Ort(e)s,"Örter,<br/>Orte",Ort,"Örtern,<br/>Orten",Ort,"Örter,<br/>Orte"
Osten,maskulin,Osten,,Ostens,,Osten,,Osten,
Öl,Neutrum,Öl,Öle,Öl(e)s,Öle,Öl,Ölen,Öl,Öle
Österreich,(Neutrum),Österreich,,Österreichs,,Österreich,,Österreich,
Österreicher,maskulin,Österreicher,Österreicher,Österreichers,Österreicher,Österreicher,Österreichern,Österreicher,Österreicher
Österreicherin,feminin,Österreicherin,Österreicherinnen,Österreicherin,Österreicherinnen,Österreicherin,Österreicherinnen,Österreicherin,Österreicherinnen
Paar,Neutrum,Paar,Paare,Paar(e)s,Paare,Paar,Paar,Paar,Paare
